rank,CustomerID,risk_score,risk_band,churn_probability,Tenure Months,Contract,Internet Service,Monthly Charges,recommended_actions
1,4912-PIGUY,94,High,0.9381,1,Month-to-month,Fiber optic,84.6,Offer a term contract; Add Online Security (incentive)
2,7577-SWIFR,94,High,0.9377,1,Month-to-month,Fiber optic,89.25,Offer a term contract; Add Online Security (incentive)
3,1452-VOQCH,93,High,0.9339,1,Month-to-month,Fiber optic,75.1,Offer a term contract; Add Online Security (incentive)
4,2545-EBUPK,93,High,0.9334,2,Month-to-month,Fiber optic,84.05,Offer a term contract; Add Online Security (incentive)
5,7439-DKZTW,93,High,0.9299,1,Month-to-month,Fiber optic,80.55,Offer a term contract; Add Online Security (incentive)
6,5542-TBBWB,93,High,0.928,1,Month-to-month,Fiber optic,69.9,Offer a term contract; Add Online Security (incentive)
7,3878-AVSOQ,92,High,0.9233,1,Month-to-month,Fiber optic,71.25,Offer a term contract; Add Online Security (incentive)
8,0021-IKXGC,92,High,0.922,1,Month-to-month,Fiber optic,72.1,Offer a term contract; Add Online Security (incentive)
9,5150-ITWWB,92,High,0.9204,3,Month-to-month,Fiber optic,94.85,Offer a term contract; Add Online Security (incentive)
10,4927-WWOOZ,92,High,0.9193,2,Month-to-month,Fiber optic,91.45,Offer a term contract; Add Online Security (incentive)
11,7465-ZZRVX,92,High,0.9162,1,Month-to-month,Fiber optic,70.35,Offer a term contract; Add Online Security (incentive)
12,9603-OAIHC,92,High,0.9159,1,Month-to-month,Fiber optic,70.05,Offer a term contract; Add Online Security (incentive)
13,1640-PLFMP,92,High,0.9158,1,Month-to-month,Fiber optic,70.25,Offer a term contract; Add Online Security (incentive)
14,1628-BIZYP,91,High,0.9119,1,Month-to-month,Fiber optic,85.0,Offer a term contract; Add Online Security (incentive)
15,5043-TRZWM,91,High,0.9115,1,Month-to-month,Fiber optic,75.55,Offer a term contract; Add Online Security (incentive)
16,6350-XFYGW,91,High,0.9103,4,Month-to-month,Fiber optic,94.75,Offer a term contract; Add Online Security (incentive)
17,9617-INGJY,91,High,0.9069,1,Month-to-month,Fiber optic,70.6,Offer a term contract; Add Online Security (incentive)
18,9605-WGJVW,91,High,0.9059,1,Month-to-month,Fiber optic,70.2,Offer a term contract; Add Online Security (incentive)
19,2262-SLNVK,91,High,0.9058,1,Month-to-month,Fiber optic,70.1,Offer a term contract; Add Online Security (incentive)
20,7398-SKNQZ,90,High,0.905,3,Month-to-month,Fiber optic,94.9,Offer a term contract; Add Online Security (incentive)
21,5032-MIYKT,91,High,0.905,1,Month-to-month,Fiber optic,70.7,Offer a term contract; Add Online Security (incentive)
22,8775-ERLNB,90,High,0.9045,1,Month-to-month,Fiber optic,74.3,Offer a term contract; Add Online Security (incentive)
23,4234-XTNEA,90,High,0.9032,2,Month-to-month,Fiber optic,79.95,Offer a term contract; Add Online Security (incentive)
24,8739-XNIKG,90,High,0.903,5,Month-to-month,Fiber optic,84.0,Offer a term contract; Add Online Security (incentive)
25,8040-MNRTF,90,High,0.9026,1,Month-to-month,Fiber optic,71.1,Offer a term contract; Add Online Security (incentive)
26,3318-NMQXL,90,High,0.9013,3,Month-to-month,Fiber optic,92.0,Offer a term contract; Add Online Security (incentive)
27,2789-HQBOU,90,High,0.8994,3,Month-to-month,Fiber optic,80.35,Offer a term contract; Add Online Security (incentive)
28,9957-YODKZ,90,High,0.8978,6,Month-to-month,Fiber optic,80.8,Offer a term contract; Add Online Security (incentive)
29,3462-BJQQA,90,High,0.8974,6,Month-to-month,Fiber optic,89.75,Offer a term contract; Add Online Security (incentive)
30,4847-TAJYI,90,High,0.8973,6,Month-to-month,Fiber optic,89.35,Offer a term contract; Add Online Security (incentive)
31,2254-DLXRI,90,High,0.8973,1,Month-to-month,Fiber optic,79.15,Offer a term contract; Add Online Security (incentive)
32,1393-IMKZG,89,High,0.8947,1,Month-to-month,Fiber optic,95.85,Offer a term contract; Add Online Security (incentive)
33,6407-UTSLV,89,High,0.8944,2,Month-to-month,Fiber optic,83.8,Offer a term contract; Add Online Security (incentive)
34,1197-BVMVG,89,High,0.8914,4,Month-to-month,Fiber optic,74.45,Offer a term contract; Add Online Security (incentive)
35,4929-XIHVW,89,High,0.8908,2,Month-to-month,Fiber optic,95.5,Offer a term contract; Add Online Security (incentive)
36,2897-DOVND,89,High,0.8907,2,Month-to-month,Fiber optic,69.8,Offer a term contract; Add Online Security (incentive)
37,6630-UJZMY,89,High,0.8906,4,Month-to-month,Fiber optic,83.25,Offer a term contract; Add Online Security (incentive)
38,9717-QEBGU,89,High,0.8893,2,Month-to-month,Fiber optic,70.3,Offer a term contract; Add Online Security (incentive)
39,4749-OJKQU,89,High,0.8885,4,Month-to-month,Fiber optic,75.65,Offer a term contract; Add Online Security (incentive)
40,6357-JJPQT,89,High,0.8884,3,Month-to-month,Fiber optic,80.5,Offer a term contract; Add Online Security (incentive)
41,3422-GALYP,89,High,0.8879,2,Month-to-month,Fiber optic,79.45,Offer a term contract; Add Online Security (incentive)
42,8309-IEYJD,89,High,0.8872,1,Month-to-month,Fiber optic,70.6,Offer a term contract; Add Online Security (incentive)
43,3411-WLRSQ,88,High,0.8817,3,Month-to-month,Fiber optic,74.6,Offer a term contract; Add Online Security (incentive)
44,2905-KFQUV,88,High,0.8805,2,Month-to-month,Fiber optic,70.4,Offer a term contract; Add Online Security (incentive)
45,4090-KPJIP,88,High,0.8802,3,Month-to-month,Fiber optic,74.95,Offer a term contract; Add Online Security (incentive)
46,8714-CTZJW,88,High,0.8783,4,Month-to-month,Fiber optic,82.85,Offer a term contract; Add Online Security (incentive)
47,8622-ZLFKO,88,High,0.878,6,Month-to-month,Fiber optic,90.75,Offer a term contract; Add Online Security (incentive)
48,9741-YLNTD,88,High,0.878,6,Month-to-month,Fiber optic,87.95,Offer a term contract; Add Online Security (incentive)
49,5119-NZPTV,88,High,0.8772,2,Month-to-month,Fiber optic,70.1,Offer a term contract; Add Online Security (incentive)
50,6229-LSCKB,88,High,0.8766,6,Month-to-month,Fiber optic,79.7,Offer a term contract; Add Online Security (incentive)
51,9050-IKDZA,88,High,0.8756,2,Month-to-month,Fiber optic,81.5,Offer a term contract; Add Online Security (incentive)
52,4395-PZMSN,87,High,0.8746,5,Month-to-month,Fiber optic,85.55,Offer a term contract; Add Online Security (incentive)
53,1746-TGTWV,87,High,0.873,1,Month-to-month,Fiber optic,75.35,Offer a term contract; Add Online Security (incentive)
54,9840-EFJQB,87,High,0.8717,1,Month-to-month,Fiber optic,74.35,Offer a term contract; Add Online Security (incentive)
55,8161-QYMTT,87,High,0.8694,7,Month-to-month,Fiber optic,94.1,Offer a term contract; Add Online Security (incentive)
56,2880-FPNAE,87,High,0.8685,2,Month-to-month,Fiber optic,74.2,Offer a term contract; Add Online Security (incentive)
57,9799-CAYJJ,87,High,0.8682,2,Month-to-month,Fiber optic,69.3,Offer a term contract; Add Online Security (incentive)
58,6918-UMQCG,87,High,0.8675,5,Month-to-month,Fiber optic,80.2,Offer a term contract; Add Online Security (incentive)
59,9633-XQABV,87,High,0.8674,3,Month-to-month,Fiber optic,70.25,Offer a term contract; Add Online Security (incentive)
60,0187-QSXOE,87,High,0.8673,7,Month-to-month,Fiber optic,89.0,Offer a term contract; Add Online Security (incentive)
61,6435-SRWBJ,87,High,0.8662,5,Month-to-month,Fiber optic,82.75,Offer a term contract; Add Online Security (incentive)
62,5348-CAGXB,87,High,0.8652,12,Month-to-month,Fiber optic,89.55,Offer a term contract; Add Online Security (incentive)
63,3295-YVUSR,87,High,0.865,2,Month-to-month,Fiber optic,72.6,Offer a term contract; Add Online Security (incentive)
64,2674-MIAHT,86,High,0.8634,4,Month-to-month,Fiber optic,80.3,Offer a term contract; Add Online Security (incentive)
65,2081-VEYEH,86,High,0.8632,3,Month-to-month,Fiber optic,107.95,Offer a term contract; Add Online Security (incentive)
66,4132-KALRO,86,High,0.8632,4,Month-to-month,Fiber optic,100.85,Offer a term contract; Add Online Security (incentive)
67,3370-HXOPH,86,High,0.8625,3,Month-to-month,Fiber optic,76.1,Offer a term contract; Add Online Security (incentive)
68,0928-JMXNP,86,High,0.8619,4,Month-to-month,DSL,29.9,Offer a term contract; Add Online Security (incentive)
69,4450-DLLMH,86,High,0.8616,2,Month-to-month,Fiber optic,71.3,Offer a term contract; Add Online Security (incentive)
70,4770-UEZOX,86,High,0.861,2,Month-to-month,Fiber optic,74.75,Offer a term contract; Add Online Security (incentive)
71,5760-IFJOZ,86,High,0.8605,3,Month-to-month,Fiber optic,107.95,Offer a term contract; Add Online Security (incentive)
72,4115-NZRKS,86,High,0.8579,7,Month-to-month,Fiber optic,89.15,Offer a term contract; Add Online Security (incentive)
73,8242-SOQUO,86,High,0.8579,5,Month-to-month,Fiber optic,84.7,Offer a term contract; Add Online Security (incentive)
74,2123-AGEEN,86,High,0.8577,7,Month-to-month,Fiber optic,84.35,Offer a term contract; Add Online Security (incentive)
75,7365-BVCJH,86,High,0.8573,1,Month-to-month,DSL,24.4,Offer a term contract; Add Online Security (incentive)
76,7823-JSOAG,86,High,0.8562,3,Month-to-month,Fiber optic,74.5,Offer a term contract; Add Online Security (incentive)
77,2215-ZAFGX,86,High,0.8554,9,Month-to-month,Fiber optic,85.5,Offer a term contract; Add Online Security (incentive)
78,6198-ZFIOJ,86,High,0.8551,5,Month-to-month,Fiber optic,75.6,Offer a term contract; Add Online Security (incentive)
79,1960-UYCNN,85,High,0.8544,10,Month-to-month,Fiber optic,95.25,Offer a term contract; Add Online Security (incentive)
80,7044-YAACC,85,High,0.8541,4,Month-to-month,Fiber optic,70.2,Offer a term contract; Add Online Security (incentive)
81,5442-BHQNG,85,High,0.8537,2,Month-to-month,Fiber optic,70.35,Offer a term contract; Add Online Security (incentive)
82,0018-NYROU,85,High,0.8536,5,Month-to-month,Fiber optic,68.95,Offer a term contract; Add Online Security (incentive)
83,7994-UYIVZ,85,High,0.853,8,Month-to-month,Fiber optic,85.65,Offer a term contract; Add Online Security (incentive)
84,4060-LDNLU,85,High,0.8519,7,Month-to-month,Fiber optic,96.2,Offer a term contract; Add Online Security (incentive)
85,8087-LGYHQ,85,High,0.8518,9,Month-to-month,Fiber optic,94.05,Offer a term contract; Add Online Security (incentive)
86,4482-EWFMI,85,High,0.8516,2,Month-to-month,Fiber optic,69.7,Offer a term contract; Add Online Security (incentive)
87,4566-NECEV,85,High,0.8509,5,Month-to-month,Fiber optic,96.55,Offer a term contract; Add Online Security (incentive)
88,3841-CONLJ,85,High,0.8504,1,Month-to-month,DSL,35.0,Offer a term contract; Add Online Security (incentive)
89,8617-ENBDS,85,High,0.8494,3,Month-to-month,Fiber optic,73.6,Offer a term contract; Add Online Security (incentive)
90,6969-MVBAI,85,High,0.8493,9,Month-to-month,Fiber optic,90.1,Offer a term contract; Add Online Security (incentive)
91,5399-ZIMKF,85,High,0.8478,5,Month-to-month,Fiber optic,74.65,Offer a term contract; Add Online Security (incentive)
92,7858-GTZSP,85,High,0.8477,12,Month-to-month,Fiber optic,86.55,Offer a term contract; Add Online Security (incentive)
93,8132-YPVBX,85,High,0.8471,6,Month-to-month,Fiber optic,85.95,Offer a term contract; Add Online Security (incentive)
94,5429-LWCMV,85,High,0.8467,12,Month-to-month,Fiber optic,89.15,Offer a term contract; Add Online Security (incentive)
95,8266-VBFQL,85,High,0.8467,4,Month-to-month,Fiber optic,90.4,Offer a term contract; Add Online Security (incentive)
96,2984-AFWNC,85,High,0.8456,3,Month-to-month,Fiber optic,95.4,Offer a term contract; Add Online Security (incentive)
97,4813-HQMGZ,84,High,0.8446,8,Month-to-month,Fiber optic,90.25,Offer a term contract; Add Online Security (incentive)
98,3420-YJLQT,84,High,0.8445,2,Month-to-month,Fiber optic,79.55,Offer a term contract; Add Online Security (incentive)
99,6734-GMPVK,84,High,0.8433,5,Month-to-month,Fiber optic,105.3,Offer a term contract; Add Online Security (incentive)
100,8035-PWSEV,84,High,0.842,6,Month-to-month,Fiber optic,89.25,Offer a term contract; Add Online Security (incentive)
101,3320-VEOYC,84,High,0.8419,14,Month-to-month,Fiber optic,95.6,Offer a term contract; Add Online Security (incentive)
102,3338-CVVEH,84,High,0.8412,12,Month-to-month,Fiber optic,94.55,Offer a term contract; Add Online Security (incentive)
103,1508-DFXCU,84,High,0.8412,12,Month-to-month,Fiber optic,81.45,Offer a term contract; Add Online Security (incentive)
104,6856-RAURS,84,High,0.8411,2,Month-to-month,Fiber optic,74.9,Offer a term contract; Add Online Security (incentive)
105,0722-SVSFK,84,High,0.8408,7,Month-to-month,Fiber optic,100.4,Offer a term contract; Add Online Security (incentive)
106,3489-HHPFY,84,High,0.8396,2,Month-to-month,Fiber optic,84.05,Offer a term contract; Add Online Security (incentive)
107,9696-RMYBA,84,High,0.8373,5,Month-to-month,Fiber optic,80.1,Offer a term contract; Add Online Security (incentive)
108,4445-ZJNMU,84,High,0.8369,9,Month-to-month,Fiber optic,99.3,Offer a term contract; Add Online Security (incentive)
109,1173-XZPYF,84,High,0.8362,11,Month-to-month,Fiber optic,89.2,Offer a term contract; Add Online Security (incentive)
110,2038-OEQZH,84,High,0.8362,4,Month-to-month,Fiber optic,86.05,Offer a term contract; Add Online Security (incentive)
111,2135-DQWAQ,84,High,0.8361,5,Month-to-month,Fiber optic,85.3,Offer a term contract; Add Online Security (incentive)
112,7363-QTBIW,83,High,0.8349,9,Month-to-month,Fiber optic,79.75,Offer a term contract; Add Online Security (incentive)
113,5935-FCCNB,83,High,0.8348,17,Month-to-month,Fiber optic,94.2,Offer a term contract; Add Online Security (incentive)
114,9334-GWGOW,83,High,0.8345,7,Month-to-month,Fiber optic,74.85,Offer a term contract; Add Online Security (incentive)
115,9094-AZPHK,83,High,0.8332,15,Month-to-month,Fiber optic,100.15,Offer a term contract; Add Online Security (incentive)
116,1200-TUZHR,83,High,0.833,8,Month-to-month,Fiber optic,85.2,Offer a term contract; Add Online Security (incentive)
117,4884-ZTHVF,83,High,0.8326,8,Month-to-month,Fiber optic,87.1,Offer a term contract; Add Online Security (incentive)
118,7225-CBZPL,83,High,0.8323,17,Month-to-month,Fiber optic,94.8,Offer a term contract; Add Online Security (incentive)
119,2800-VEQXM,83,High,0.8317,3,Month-to-month,Fiber optic,74.75,Offer a term contract; Add Online Security (incentive)
120,0432-CAJZV,83,High,0.8313,3,Month-to-month,Fiber optic,90.7,Offer a term contract; Add Online Security (incentive)
121,7590-VHVEG,83,High,0.8309,1,Month-to-month,DSL,29.85,Offer a term contract; Add Online Security (incentive)
122,5928-QLDHB,83,High,0.8307,9,Month-to-month,Fiber optic,76.25,Offer a term contract; Add Online Security (incentive)
123,6215-NQCPY,83,High,0.8293,15,Month-to-month,Fiber optic,99.7,Offer a term contract; Add Tech Support
124,3292-PBZEJ,83,High,0.8292,11,Month-to-month,Fiber optic,111.4,Offer a term contract; Add Online Security (incentive)
125,4983-CCWMC,83,High,0.827,3,Month-to-month,Fiber optic,69.6,Offer a term contract; Add Online Security (incentive)
126,9290-SHCMB,83,High,0.8268,13,Month-to-month,Fiber optic,96.85,Offer a term contract; Add Online Security (incentive)
127,3420-ZDBMA,82,High,0.8249,5,Month-to-month,Fiber optic,71.45,Offer a term contract; Add Online Security (incentive)
128,3916-NRPAP,82,High,0.8235,3,Month-to-month,Fiber optic,85.7,Offer a term contract; Add Online Security (incentive)
129,4029-HPFVY,82,High,0.8227,3,Month-to-month,Fiber optic,70.3,Offer a term contract; Add Online Security (incentive)
130,7321-VGNKU,82,High,0.8226,2,Month-to-month,Fiber optic,70.35,Offer a term contract; Add Online Security (incentive)
131,6077-BDPXA,82,High,0.8217,3,Month-to-month,Fiber optic,70.15,Offer a term contract; Add Online Security (incentive)
132,6986-IXNDM,82,High,0.8212,14,Month-to-month,Fiber optic,92.9,Offer a term contract; Add Online Security (incentive)
133,8064-RAVOH,82,High,0.821,1,Month-to-month,DSL,49.85,Offer a term contract; Add Online Security (incentive)
134,0225-ZORZP,82,High,0.8201,3,Month-to-month,Fiber optic,84.3,Offer a term contract; Add Online Security (incentive)
135,6175-IRFIT,82,High,0.8199,5,Month-to-month,Fiber optic,78.75,Offer a term contract; Add Online Security (incentive)
136,6127-IYJOZ,82,High,0.8198,1,Month-to-month,DSL,45.85,Offer a term contract; Add Online Security (incentive)
137,4059-IIEBK,82,High,0.8193,7,Month-to-month,Fiber optic,78.55,Offer a term contract; Add Online Security (incentive)
138,4633-MKHYU,82,High,0.819,9,Month-to-month,Fiber optic,88.4,Offer a term contract; Add Online Security (incentive)
139,9822-OAOVB,82,High,0.8189,1,Month-to-month,DSL,55.45,Offer a term contract; Add Online Security (incentive)
140,3496-LFSZU,82,High,0.8187,4,Month-to-month,Fiber optic,70.5,Offer a term contract; Add Online Security (incentive)
141,2754-SDJRD,82,High,0.8186,8,Month-to-month,Fiber optic,100.15,Offer a term contract; Add Online Security (incentive)
142,2077-MPJQO,82,High,0.8185,7,Month-to-month,Fiber optic,75.4,Offer a term contract; Add Online Security (incentive)
143,0365-BZUWY,82,High,0.8183,17,Month-to-month,Fiber optic,102.55,Offer a term contract; Add Online Security (incentive)
144,2080-GKCWQ,82,High,0.8178,2,Month-to-month,Fiber optic,74.95,Offer a term contract; Add Online Security (incentive)
145,5091-HFAZW,82,High,0.8176,2,Month-to-month,Fiber optic,91.15,Offer a term contract; Add Tech Support
146,2876-GZYZC,82,High,0.8171,13,Month-to-month,Fiber optic,85.95,Offer a term contract; Add Online Security (incentive)
147,4195-NZGTA,82,High,0.8163,1,Month-to-month,DSL,25.25,Offer a term contract; Add Online Security (incentive)
148,0674-EYYZV,82,High,0.8161,1,Month-to-month,DSL,54.65,Offer a term contract; Add Online Security (incentive)
149,7517-LDMPS,82,High,0.8156,12,Month-to-month,Fiber optic,84.6,Offer a term contract; Add Online Security (incentive)
150,9360-OMDZZ,82,High,0.8155,24,Month-to-month,Fiber optic,94.1,Offer a term contract; Add Online Security (incentive)
151,7206-PQBBZ,82,High,0.8153,11,Month-to-month,Fiber optic,70.2,Offer a term contract; Add Online Security (incentive)
152,7402-EYFXX,81,High,0.8146,26,Month-to-month,Fiber optic,93.6,Offer a term contract; Add Online Security (incentive)
153,4741-WWJQZ,81,High,0.814,2,Month-to-month,Fiber optic,80.15,Offer a term contract; Move to automatic payment
154,0224-RLWWD,81,High,0.814,2,Month-to-month,DSL,44.3,Offer a term contract; Add Online Security (incentive)
155,8875-AKBYH,81,High,0.8126,20,Month-to-month,Fiber optic,84.35,Offer a term contract; Add Online Security (incentive)
156,0258-NOKBL,81,High,0.8125,3,Month-to-month,Fiber optic,90.4,Offer a term contract; Add Online Security (incentive)
157,9402-ORRAH,81,High,0.8124,15,Month-to-month,Fiber optic,91.5,Offer a term contract; Add Online Security (incentive)
158,7537-RBWEA,81,High,0.8113,1,Month-to-month,DSL,25.15,Offer a term contract; Add Online Security (incentive)
159,0168-XZKBB,81,High,0.8105,19,Month-to-month,Fiber optic,86.85,Offer a term contract; Add Online Security (incentive)
160,8687-BAFGU,81,High,0.8104,1,Month-to-month,Fiber optic,74.0,Offer a term contract; Add Online Security (incentive)
161,5956-YHHRX,81,High,0.8104,21,Month-to-month,Fiber optic,104.35,Offer a term contract; Add Online Security (incentive)
162,4815-GBTCD,81,High,0.8103,4,Month-to-month,DSL,25.15,Offer a term contract; Add Online Security (incentive)
163,8325-QRPZR,81,High,0.8102,7,Month-to-month,Fiber optic,75.15,Offer a term contract; Add Online Security (incentive)
164,2792-LSHWX,81,High,0.8098,1,Month-to-month,Fiber optic,83.4,Offer a term contract; Move to automatic payment
165,7952-OBOYL,81,High,0.8089,3,Month-to-month,Fiber optic,89.85,Offer a term contract; Add Online Security (incentive)
166,6583-KQJLK,81,High,0.8088,15,Month-to-month,Fiber optic,94.65,Offer a term contract; Add Online Security (incentive)
167,0840-DFEZH,81,High,0.8086,7,Month-to-month,Fiber optic,75.35,Offer a term contract; Add Online Security (incentive)
168,3199-XGZCY,81,High,0.8083,8,Month-to-month,Fiber optic,75.25,Offer a term contract; Add Online Security (incentive)
169,4373-VVHQL,81,High,0.8081,1,Month-to-month,DSL,44.75,Offer a term contract; Add Online Security (incentive)
170,8705-WZCYL,81,High,0.8081,1,Month-to-month,DSL,44.8,Offer a term contract; Add Online Security (incentive)
171,2688-BHGOG,81,High,0.8074,9,Month-to-month,Fiber optic,79.55,Offer a term contract; Add Online Security (incentive)
172,7354-OIJLX,81,High,0.807,9,Month-to-month,Fiber optic,75.85,Offer a term contract; Add Online Security (incentive)
173,4559-UWIHT,81,High,0.8069,14,Month-to-month,Fiber optic,82.65,Offer a term contract; Add Online Security (incentive)
174,4301-VVZKA,81,High,0.8064,16,Month-to-month,Fiber optic,75.4,Offer a term contract; Add Online Security (incentive)
175,1078-TDCRN,81,High,0.8059,3,Month-to-month,DSL,30.75,Offer a term contract; Add Online Security (incentive)
176,5937-EORGB,81,High,0.8058,15,Month-to-month,Fiber optic,96.5,Offer a term contract; Add Tech Support
177,8873-GLDMH,80,High,0.8048,6,Month-to-month,Fiber optic,73.85,Offer a term contract; Add Online Security (incentive)
178,6860-YRJZP,80,High,0.8045,9,Month-to-month,Fiber optic,74.05,Offer a term contract; Add Online Security (incentive)
179,5133-POWUA,80,High,0.8036,1,Month-to-month,DSL,45.8,Offer a term contract; Add Online Security (incentive)
180,8107-KNCIM,80,High,0.8036,14,Month-to-month,Fiber optic,75.1,Offer a term contract; Add Online Security (incentive)
181,7668-XCFYV,80,High,0.803,17,Month-to-month,Fiber optic,92.55,Offer a term contract; Add Online Security (incentive)
182,7394-LWLYN,80,High,0.8026,2,Month-to-month,Fiber optic,70.15,Offer a term contract; Add Online Security (incentive)
183,0248-IPDFW,80,High,0.7998,1,Month-to-month,DSL,50.1,Offer a term contract; Add Online Security (incentive)
184,8720-RQSBJ,80,High,0.7997,1,Month-to-month,DSL,44.0,Offer a term contract; Add Online Security (incentive)
185,1219-NNDDO,80,High,0.7997,9,Month-to-month,Fiber optic,76.85,Offer a term contract; Add Online Security (incentive)
186,3717-OEAUQ,80,High,0.7994,2,Month-to-month,Fiber optic,70.7,Offer a term contract; Add Online Security (incentive)
187,7379-FNIUJ,80,High,0.7993,2,Month-to-month,Fiber optic,100.2,Offer a term contract; Add Tech Support
188,9620-ENEJV,80,High,0.7992,6,Month-to-month,Fiber optic,70.55,Offer a term contract; Add Online Security (incentive)
189,3317-VLGQT,80,High,0.799,14,Month-to-month,Fiber optic,78.1,Offer a term contract; Add Online Security (incentive)
190,0396-YCHWO,80,High,0.7988,36,Month-to-month,Fiber optic,95.4,Offer a term contract; Add Online Security (incentive)
191,8313-NDOIA,80,High,0.7988,24,Month-to-month,Fiber optic,104.15,Offer a term contract; Add Online Security (incentive)
192,8541-QVFKM,80,High,0.7986,8,Month-to-month,Fiber optic,73.5,Offer a term contract; Add Online Security (incentive)
193,3629-ZNKXA,80,High,0.7985,17,Month-to-month,Fiber optic,101.8,Offer a term contract; Add Online Security (incentive)
194,3096-GKWEB,80,High,0.7981,18,Month-to-month,Fiber optic,94.75,Offer a term contract; Add Online Security (incentive)
195,9398-MMQTO,80,High,0.798,3,Month-to-month,Fiber optic,74.45,Offer a term contract; Add Online Security (incentive)
196,6267-DCFFZ,80,High,0.7979,30,Month-to-month,Fiber optic,90.05,Offer a term contract; Add Online Security (incentive)
197,2959-FENLU,80,High,0.7978,9,Month-to-month,Fiber optic,85.3,Offer a term contract; Add Online Security (incentive)
198,0581-BXBUB,80,High,0.7977,4,Month-to-month,Fiber optic,72.75,Offer a term contract; Add Online Security (incentive)
199,7245-NIIWQ,80,High,0.7975,3,Month-to-month,Fiber optic,69.85,Offer a term contract; Add Online Security (incentive)
200,6705-LXORM,80,High,0.7969,5,Month-to-month,Fiber optic,70.05,Offer a term contract; Add Online Security (incentive)
201,2235-DWLJU,80,High,0.7968,6,Month-to-month,DSL,44.4,Offer a term contract; Add Online Security (incentive)
202,3452-GWUIN,80,High,0.796,19,Month-to-month,Fiber optic,94.95,Offer a term contract; Add Online Security (incentive)
203,0644-OQMDK,80,High,0.7957,4,Month-to-month,Fiber optic,70.65,Offer a term contract; Add Online Security (incentive)
204,9743-DQKQW,80,High,0.7954,3,Month-to-month,DSL,25.1,Offer a term contract; Add Online Security (incentive)
205,0928-XUTSN,80,High,0.7953,13,Month-to-month,Fiber optic,80.5,Offer a term contract; Add Online Security (incentive)
206,4367-NHWMM,79,High,0.7949,1,Month-to-month,DSL,24.9,Offer a term contract; Add Online Security (incentive)
207,9919-KNPOO,79,High,0.794,21,Month-to-month,Fiber optic,94.3,Offer a term contract; Add Online Security (incentive)
208,8710-YGLWG,79,High,0.7935,1,Month-to-month,DSL,44.9,Offer a term contract; Add Online Security (incentive)
209,6519-CFDBX,79,High,0.7928,2,Month-to-month,DSL,45.4,Offer a term contract; Add Online Security (incentive)
210,8356-WUAOJ,79,High,0.7919,1,Month-to-month,DSL,45.0,Offer a term contract; Add Online Security (incentive)
211,8903-WMRNW,79,High,0.7919,15,Month-to-month,Fiber optic,101.75,Offer a term contract; Add Tech Support
212,2371-JQHZZ,79,High,0.7918,24,Month-to-month,Fiber optic,93.0,Offer a term contract; Add Online Security (incentive)
213,5382-SOYZL,79,High,0.7917,22,Month-to-month,Fiber optic,95.1,Offer a term contract; Add Online Security (incentive)
214,9093-FPDLG,79,High,0.7909,11,Month-to-month,Fiber optic,94.2,Offer a term contract; Add Online Security (incentive)
215,8445-DNBAE,79,High,0.7906,1,Month-to-month,DSL,50.05,Offer a term contract; Add Online Security (incentive)
216,8709-KRDVL,79,High,0.7906,33,Month-to-month,Fiber optic,100.0,Offer a term contract; Add Online Security (incentive)
217,5216-WASFJ,79,High,0.7901,31,Month-to-month,Fiber optic,84.85,Offer a term contract; Add Online Security (incentive)
218,2103-ZRXFN,79,High,0.7901,1,Month-to-month,DSL,50.75,Offer a term contract; Add Online Security (incentive)
219,4706-DGAHW,79,High,0.7901,1,Month-to-month,DSL,45.2,Offer a term contract; Add Online Security (incentive)
220,7392-YYPYJ,79,High,0.79,22,Month-to-month,Fiber optic,100.65,Offer a term contract; Add Online Security (incentive)
221,6116-RFVHN,79,High,0.7897,34,Month-to-month,Fiber optic,100.45,Offer a term contract; Add Online Security (incentive)
222,6851-WEFYX,79,High,0.7892,35,Month-to-month,Fiber optic,100.8,Offer a term contract; Add Online Security (incentive)
223,9773-PEQBZ,79,High,0.7891,10,Month-to-month,Fiber optic,79.85,Offer a term contract; Add Online Security (incentive)
224,6907-FLBER,79,High,0.789,1,Month-to-month,DSL,54.3,Offer a term contract; Add Online Security (incentive)
225,2275-RBYQS,79,High,0.7888,1,Month-to-month,DSL,45.4,Offer a term contract; Add Online Security (incentive)
226,5995-SNNEW,79,High,0.7881,23,Month-to-month,Fiber optic,104.45,Offer a term contract; Add Online Security (incentive)
227,2799-ARNLO,79,High,0.788,5,Month-to-month,Fiber optic,69.35,Offer a term contract; Add Online Security (incentive)
228,4298-OYIFC,79,High,0.7873,15,Month-to-month,Fiber optic,103.45,Offer a term contract; Add Online Security (incentive)
229,2277-VWCNI,79,High,0.7872,4,Month-to-month,DSL,48.75,Offer a term contract; Add Online Security (incentive)
230,7426-RHZGU,79,High,0.7871,9,Month-to-month,Fiber optic,95.9,Offer a term contract; Add Online Security (incentive)
231,9588-OZDMQ,79,High,0.7868,2,Month-to-month,DSL,45.0,Offer a term contract; Add Online Security (incentive)
232,5501-TVMGM,79,High,0.7868,1,Month-to-month,DSL,55.25,Offer a term contract; Add Online Security (incentive)
233,4123-DVHPH,79,High,0.7866,9,Month-to-month,Fiber optic,88.05,Offer a term contract; Add Tech Support
234,3566-HJGPK,79,High,0.7864,1,Month-to-month,DSL,45.55,Offer a term contract; Add Online Security (incentive)
235,5117-IFGPS,79,High,0.7863,29,Month-to-month,Fiber optic,84.3,Offer a term contract; Add Online Security (incentive)
236,5968-VXZLG,78,High,0.7849,2,Month-to-month,DSL,46.6,Offer a term contract; Add Online Security (incentive)
237,5288-AHOUP,78,High,0.7841,11,Month-to-month,Fiber optic,78.5,Offer a term contract; Add Online Security (incentive)
238,1766-GKNMI,78,High,0.7841,29,Month-to-month,Fiber optic,84.9,Offer a term contract; Add Online Security (incentive)
239,3453-RTHJQ,78,High,0.7839,6,Month-to-month,Fiber optic,69.1,Offer a term contract; Add Online Security (incentive)
240,2424-WVHPL,78,High,0.7835,1,Month-to-month,Fiber optic,74.7,Offer a term contract; Add Online Security (incentive)
241,3914-FDRHP,78,High,0.7832,9,Month-to-month,Fiber optic,86.25,Offer a term contract; Add Online Security (incentive)
242,3278-FSIXX,78,High,0.7828,2,Month-to-month,DSL,45.25,Offer a term contract; Add Online Security (incentive)
243,5701-YVSVF,78,High,0.7828,11,Month-to-month,Fiber optic,82.9,Offer a term contract; Add Online Security (incentive)
244,5183-SNMJQ,78,High,0.7823,10,Month-to-month,Fiber optic,95.1,Offer a term contract; Add Online Security (incentive)
245,6198-RTPMF,78,High,0.7818,17,Month-to-month,Fiber optic,92.6,Offer a term contract; Add Online Security (incentive)
246,5989-PGKJB,78,High,0.7818,16,Month-to-month,Fiber optic,86.25,Offer a term contract; Add Online Security (incentive)
247,2740-TVLFN,78,High,0.7817,1,Month-to-month,DSL,50.15,Offer a term contract; Add Online Security (incentive)
248,2468-SJFLM,78,High,0.7817,1,Month-to-month,Fiber optic,74.3,Offer a term contract; Add Online Security (incentive)
249,1666-JXLKU,78,High,0.7816,37,Month-to-month,Fiber optic,100.05,Offer a term contract; Add Online Security (incentive)
250,6923-JHPMP,78,High,0.7807,2,Month-to-month,Fiber optic,80.45,Offer a term contract; Add Tech Support
251,2809-ZMYOQ,78,High,0.7807,32,Month-to-month,Fiber optic,101.35,Offer a term contract; Add Online Security (incentive)
252,1751-NCDLI,78,High,0.7805,46,Month-to-month,Fiber optic,98.85,Offer a term contract; Add Online Security (incentive)
253,9506-UXUSK,78,High,0.7805,13,Month-to-month,Fiber optic,70.15,Offer a term contract; Add Online Security (incentive)
254,3365-SAIGS,78,High,0.7804,17,Month-to-month,Fiber optic,83.55,Offer a term contract; Add Online Security (incentive)
255,8180-AKMJV,78,High,0.7802,1,Month-to-month,DSL,44.55,Offer a term contract; Add Online Security (incentive)
256,6185-TASNN,78,High,0.7802,1,Month-to-month,DSL,46.3,Offer a term contract; Add Online Security (incentive)
257,6507-ZJSUR,78,High,0.7798,23,Month-to-month,Fiber optic,90.45,Offer a term contract; Add Online Security (incentive)
258,8950-MTZNV,78,High,0.7792,1,Month-to-month,DSL,44.95,Offer a term contract; Add Online Security (incentive)
259,0620-DLSLK,78,High,0.7789,13,Month-to-month,Fiber optic,81.9,Offer a term contract; Add Online Security (incentive)
260,0196-JTUQI,78,High,0.7784,9,Month-to-month,Fiber optic,75.2,Offer a term contract; Add Online Security (incentive)
261,1942-OQFRW,78,High,0.7784,1,Month-to-month,DSL,44.0,Offer a term contract; Add Online Security (incentive)
262,1226-IENZN,78,High,0.778,16,Month-to-month,Fiber optic,78.75,Offer a term contract; Add Online Security (incentive)
263,0674-DGMAQ,78,High,0.7779,32,Month-to-month,Fiber optic,93.5,Offer a term contract; Add Online Security (incentive)
264,2985-FMWYF,78,High,0.7778,23,Month-to-month,Fiber optic,93.5,Offer a term contract; Add Online Security (incentive)
265,5652-MSDEY,78,High,0.7778,10,Month-to-month,Fiber optic,75.75,Offer a term contract; Add Online Security (incentive)
266,3518-PZXZQ,78,High,0.7777,1,Month-to-month,DSL,55.3,Offer a term contract; Add Online Security (incentive)
267,2439-LYPMQ,78,High,0.7776,38,Month-to-month,Fiber optic,102.6,Offer a term contract; Add Online Security (incentive)
268,4236-UJPWO,78,High,0.7776,2,Month-to-month,DSL,24.5,Offer a term contract; Add Online Security (incentive)
269,9885-AIBVB,78,High,0.7774,29,Month-to-month,Fiber optic,85.8,Offer a term contract; Add Online Security (incentive)
270,7442-YGZFK,78,High,0.7772,1,Month-to-month,DSL,49.8,Offer a term contract; Add Online Security (incentive)
271,0480-BIXDE,78,High,0.777,19,Month-to-month,Fiber optic,96.8,Offer a term contract; Add Online Security (incentive)
272,2862-PFNIK,78,High,0.7767,1,Month-to-month,DSL,24.7,Offer a term contract; Add Online Security (incentive)
273,6339-YPSAH,78,High,0.7766,9,Month-to-month,Fiber optic,73.8,Offer a term contract; Add Online Security (incentive)
274,4853-OITSN,78,High,0.7764,5,Month-to-month,Fiber optic,89.15,Offer a term contract; Add Tech Support
275,2831-EBWRN,78,High,0.7764,4,Month-to-month,DSL,45.9,Offer a term contract; Add Online Security (incentive)
276,4273-MBHYA,78,High,0.7756,1,Month-to-month,Fiber optic,89.35,Offer a term contract; Add Online Security (incentive)
277,5628-FCGYG,78,High,0.7752,21,Month-to-month,Fiber optic,84.1,Offer a term contract; Add Online Security (incentive)
278,2187-PKZAY,78,High,0.7752,12,Month-to-month,Fiber optic,79.95,Offer a term contract; Add Online Security (incentive)
279,0315-LVCRK,77,High,0.7749,11,Month-to-month,Fiber optic,84.8,Offer a term contract; Add Online Security (incentive)
280,5022-KVDQT,77,High,0.7746,27,Month-to-month,Fiber optic,81.3,Offer a term contract; Add Online Security (incentive)
281,5692-ICXLW,77,High,0.774,31,Month-to-month,Fiber optic,90.7,Offer a term contract; Add Online Security (incentive)
282,6034-YMTOB,77,High,0.7739,5,Month-to-month,Fiber optic,75.65,Offer a term contract; Add Online Security (incentive)
283,9058-MJLZC,77,High,0.7726,24,Month-to-month,Fiber optic,94.6,Offer a term contract; Add Tech Support
284,4537-DKTAL,77,High,0.7725,2,Month-to-month,DSL,45.55,Offer a term contract; Add Online Security (incentive)
285,7315-WYOAW,77,High,0.7719,13,Month-to-month,Fiber optic,100.75,Offer a term contract; Add Online Security (incentive)
286,9121-PHQSR,77,High,0.7717,16,Month-to-month,Fiber optic,85.05,Offer a term contract; Add Online Security (incentive)
287,3030-YDNRM,77,High,0.7717,8,Month-to-month,Fiber optic,74.85,Offer a term contract; Add Online Security (incentive)
288,3050-GBUSH,77,High,0.7716,3,Month-to-month,DSL,34.8,Offer a term contract; Add Online Security (incentive)
289,2080-CAZNM,77,High,0.7713,41,Month-to-month,Fiber optic,104.4,Offer a term contract; Add Online Security (incentive)
290,9752-ZNQUT,77,High,0.7709,1,Month-to-month,DSL,48.6,Offer a term contract; Add Online Security (incentive)
291,7754-IXRMC,77,High,0.7708,1,Month-to-month,DSL,45.35,Offer a term contract; Add Online Security (incentive)
292,2969-QWUBZ,77,High,0.7705,2,Month-to-month,DSL,51.4,Offer a term contract; Add Online Security (incentive)
293,3995-WFCSM,77,High,0.7702,2,Month-to-month,DSL,60.85,Offer a term contract; Add Online Security (incentive)
294,6496-JDSSB,77,High,0.7701,8,Month-to-month,Fiber optic,80.0,Offer a term contract; Add Online Security (incentive)
295,4854-CIDCF,77,High,0.7694,3,Month-to-month,Fiber optic,73.85,Offer a term contract; Add Online Security (incentive)
296,5879-SESNB,77,High,0.7692,11,Month-to-month,Fiber optic,75.25,Offer a term contract; Add Online Security (incentive)
297,5650-YLIBA,77,High,0.7691,31,Month-to-month,Fiber optic,81.15,Offer a term contract; Add Online Security (incentive)
298,0988-JRWWP,77,High,0.7688,3,Month-to-month,DSL,54.2,Offer a term contract; Add Online Security (incentive)
299,3088-LHEFH,77,High,0.7685,11,Month-to-month,Fiber optic,79.0,Offer a term contract; Add Tech Support
300,0434-CSFON,77,High,0.7685,47,Month-to-month,Fiber optic,100.5,Offer a term contract; Add Online Security (incentive)
301,1475-VWVDO,77,High,0.7683,7,Month-to-month,Fiber optic,74.9,Offer a term contract; Add Online Security (incentive)
302,4183-MYFRB,77,High,0.7682,21,Month-to-month,Fiber optic,90.05,Offer a term contract; Add Online Security (incentive)
303,0082-LDZUE,77,High,0.7681,1,Month-to-month,DSL,44.3,Offer a term contract; Add Online Security (incentive)
304,2107-FBPTK,77,High,0.768,30,Month-to-month,Fiber optic,104.1,Offer a term contract; Add Online Security (incentive)
305,1730-ZMAME,77,High,0.7676,32,Month-to-month,Fiber optic,79.5,Offer a term contract; Add Online Security (incentive)
306,9432-VOFYX,77,High,0.7674,17,Month-to-month,Fiber optic,70.8,Offer a term contract; Add Online Security (incentive)
307,3427-GGZZI,77,High,0.7673,19,Month-to-month,Fiber optic,89.1,Offer a term contract; Add Online Security (incentive)
308,2504-DSHIH,77,High,0.7669,23,Month-to-month,Fiber optic,86.8,Offer a term contract; Add Online Security (incentive)
309,5153-RTHKF,77,High,0.7657,34,Month-to-month,Fiber optic,85.35,Offer a term contract; Add Online Security (incentive)
310,9638-JIQYA,77,High,0.7654,2,Month-to-month,DSL,24.9,Offer a term contract; Add Online Security (incentive)
311,0508-OOLTO,77,High,0.7651,2,Month-to-month,Fiber optic,71.65,Offer a term contract; Add Online Security (incentive)
312,3951-NJCVI,76,High,0.7646,42,Month-to-month,Fiber optic,95.05,Offer a term contract; Add Online Security (incentive)
313,4137-BTIKL,76,High,0.7645,2,Month-to-month,Fiber optic,90.75,Offer a term contract; Add Tech Support
314,6833-JMZYP,76,High,0.7639,15,Month-to-month,Fiber optic,94.0,Offer a term contract; Add Online Security (incentive)
315,9208-OLGAQ,76,High,0.7636,18,Month-to-month,Fiber optic,84.95,Offer a term contract; Add Online Security (incentive)
316,2325-NBPZG,76,High,0.7631,3,Month-to-month,Fiber optic,74.55,Offer a term contract; Add Tech Support
317,6719-OXYBR,76,High,0.7624,15,Month-to-month,Fiber optic,85.3,Offer a term contract; Add Online Security (incentive)
318,0420-HLGXF,76,High,0.7623,39,Month-to-month,Fiber optic,99.75,Offer a term contract; Add Online Security (incentive)
319,3966-HRMZA,76,High,0.762,3,Month-to-month,Fiber optic,75.05,Offer a term contract; Add Online Security (incentive)
320,3223-DWFIO,76,High,0.7619,4,Month-to-month,Fiber optic,69.35,Offer a term contract; Add Online Security (incentive)
321,1307-ATKGB,76,High,0.7616,24,Month-to-month,Fiber optic,89.55,Offer a term contract; Add Online Security (incentive)
322,1251-STYSZ,76,High,0.7614,4,Month-to-month,Fiber optic,80.25,Offer a term contract; Add Tech Support
323,9244-ZVAPM,76,High,0.7612,1,Month-to-month,DSL,45.6,Offer a term contract; Add Online Security (incentive)
324,3798-EPWRR,76,High,0.7608,2,Month-to-month,DSL,43.95,Offer a term contract; Add Online Security (incentive)
325,6650-VJONK,76,High,0.7607,1,Month-to-month,DSL,43.85,Offer a term contract; Add Online Security (incentive)
326,5858-EAFCZ,76,High,0.7599,1,Month-to-month,DSL,44.45,Offer a term contract; Add Online Security (incentive)
327,6542-LWGXJ,76,High,0.7596,3,Month-to-month,DSL,25.0,Offer a term contract; Add Online Security (incentive)
328,9895-VFOXH,76,High,0.7595,1,Month-to-month,DSL,24.4,Offer a term contract; Add Online Security (incentive)
329,9214-EKVXR,76,High,0.7594,1,Month-to-month,DSL,44.0,Offer a term contract; Add Online Security (incentive)
330,1536-HBSWP,76,High,0.7592,1,Month-to-month,DSL,49.9,Offer a term contract; Add Online Security (incentive)
331,8695-ARGXZ,76,High,0.759,34,Month-to-month,Fiber optic,75.55,Offer a term contract; Add Online Security (incentive)
332,1302-UHBDD,76,High,0.7587,20,Month-to-month,Fiber optic,89.95,Offer a term contract; Add Online Security (incentive)
333,8104-OSKWT,76,High,0.7583,12,Month-to-month,Fiber optic,79.8,Offer a term contract; Add Tech Support
334,8654-DHAOW,76,High,0.7577,2,Month-to-month,DSL,54.15,Offer a term contract; Add Online Security (incentive)
335,6048-QBXKL,76,High,0.7576,2,Month-to-month,DSL,56.55,Offer a term contract; Add Online Security (incentive)
336,9494-MRNYX,76,High,0.7574,10,Month-to-month,Fiber optic,75.05,Offer a term contract; Add Online Security (incentive)
337,8189-XRIKE,76,High,0.757,32,Month-to-month,Fiber optic,90.95,Offer a term contract; Add Online Security (incentive)
338,2665-NPTGL,76,High,0.7569,26,Month-to-month,Fiber optic,98.1,Offer a term contract; Add Online Security (incentive)
339,7801-KICAO,76,High,0.7568,18,Month-to-month,Fiber optic,74.15,Offer a term contract; Add Online Security (incentive)
340,5035-BVCXS,76,High,0.7565,11,Month-to-month,Fiber optic,75.9,Offer a term contract; Add Online Security (incentive)
341,2672-OJQZP,76,High,0.7562,1,Month-to-month,DSL,44.75,Offer a term contract; Add Online Security (incentive)
342,7404-JLKQG,76,High,0.7562,3,Month-to-month,DSL,57.55,Offer a term contract; Add Online Security (incentive)
343,8849-AYPTR,76,High,0.7562,33,Month-to-month,Fiber optic,91.25,Offer a term contract; Add Online Security (incentive)
344,1636-NTNCO,76,High,0.7559,4,Month-to-month,DSL,50.95,Offer a term contract; Add Online Security (incentive)
345,5226-NOZFC,76,High,0.7559,26,Month-to-month,Fiber optic,85.75,Offer a term contract; Add Online Security (incentive)
346,7422-WNBTY,76,High,0.7556,33,Month-to-month,Fiber optic,93.35,Offer a term contract; Add Online Security (incentive)
347,5365-LLFYV,76,High,0.7553,2,Month-to-month,DSL,45.85,Offer a term contract; Add Online Security (incentive)
348,5271-DBYSJ,76,High,0.7551,11,Month-to-month,Fiber optic,79.15,Offer a term contract; Add Online Security (incentive)
349,1471-GIQKQ,75,High,0.7546,1,Month-to-month,DSL,49.95,Offer a term contract; Add Online Security (incentive)
350,3904-UKFRE,75,High,0.7541,4,Month-to-month,Fiber optic,80.1,Offer a term contract; Add Tech Support
351,4612-SSVHJ,75,High,0.7539,20,Month-to-month,Fiber optic,81.45,Offer a term contract; Add Online Security (incentive)
352,0147-ESWWR,75,High,0.7536,39,Month-to-month,Fiber optic,101.25,Offer a term contract; Add Online Security (incentive)
353,7278-CKDNC,75,High,0.7536,24,Month-to-month,Fiber optic,80.5,Offer a term contract; Add Online Security (incentive)
354,4536-PLEQY,75,High,0.7536,12,Month-to-month,Fiber optic,85.05,Offer a term contract; Add Online Security (incentive)
355,9053-EJUNL,75,High,0.7535,41,Month-to-month,Fiber optic,89.2,Offer a term contract; Add Online Security (incentive)
356,9992-UJOEL,75,High,0.7532,2,Month-to-month,DSL,50.3,Offer a term contract; Add Online Security (incentive)
357,9903-LYSAB,75,High,0.7531,18,Month-to-month,Fiber optic,73.15,Offer a term contract; Add Online Security (incentive)
358,4998-IKFSE,75,High,0.7527,30,Month-to-month,Fiber optic,100.45,Offer a term contract; Add Online Security (incentive)
359,4291-SHSBH,75,High,0.7526,7,Month-to-month,Fiber optic,69.55,Offer a term contract; Add Online Security (incentive)
360,4521-YEEHE,75,High,0.7522,18,Month-to-month,Fiber optic,88.85,Offer a term contract; Add Online Security (incentive)
361,0682-USIXD,75,High,0.7522,21,Month-to-month,Fiber optic,86.05,Offer a term contract; Add Online Security (incentive)
362,8818-DOPVL,75,High,0.7522,46,Month-to-month,Fiber optic,104.45,Offer a term contract; Add Online Security (incentive)
363,3481-JHUZH,75,High,0.752,41,Month-to-month,Fiber optic,80.25,Offer a term contract; Add Online Security (incentive)
364,2637-FKFSY,75,High,0.7516,3,Month-to-month,DSL,46.1,Offer a term contract; Add Online Security (incentive)
365,3384-CTMSF,75,High,0.7515,47,Month-to-month,Fiber optic,104.1,Offer a term contract; Add Online Security (incentive)
366,0848-ZGQIJ,75,High,0.7512,16,Month-to-month,Fiber optic,94.65,Offer a term contract; Add Online Security (incentive)
367,4065-JJAVA,75,High,0.7511,1,Month-to-month,DSL,49.5,Offer a term contract; Add Online Security (incentive)
368,2209-XADXF,75,High,0.751,1,Month-to-month,DSL,25.25,Offer a term contract; Add Online Security (incentive)
369,1212-GLHMD,75,High,0.7507,3,Month-to-month,Fiber optic,86.05,Offer a term contract; Add Tech Support
370,0491-KAPQG,75,High,0.7502,21,Month-to-month,Fiber optic,73.7,Offer a term contract; Add Online Security (incentive)
371,6103-BOCOU,75,High,0.7501,26,Month-to-month,Fiber optic,80.7,Offer a term contract; Add Online Security (incentive)
372,3588-WSTTJ,75,High,0.7499,35,Month-to-month,Fiber optic,99.05,Offer a term contract; Add Tech Support
373,0793-TWELN,75,High,0.7496,4,Month-to-month,Fiber optic,80.15,Offer a term contract; Add Tech Support
374,2523-EWWZL,75,High,0.7493,27,Month-to-month,Fiber optic,76.1,Offer a term contract; Add Online Security (incentive)
375,8012-SOUDQ,75,High,0.7491,43,Month-to-month,Fiber optic,90.25,Offer a term contract; Add Online Security (incentive)
376,6582-OIVSP,75,High,0.749,1,Month-to-month,DSL,45.3,Offer a term contract; Add Online Security (incentive)
377,0139-IVFJG,75,High,0.7488,2,Month-to-month,Fiber optic,90.35,Offer a term contract; Add Tech Support
378,1728-BQDMA,75,High,0.7486,2,Month-to-month,DSL,44.45,Offer a term contract; Add Online Security (incentive)
379,0411-EZJZE,75,High,0.7485,3,Month-to-month,DSL,60.25,Offer a term contract; Add Online Security (incentive)
380,5600-KTXFM,75,High,0.7483,2,Month-to-month,Fiber optic,69.95,Offer a term contract; Add Online Security (incentive)
381,5233-AOZUF,75,High,0.7481,29,Month-to-month,Fiber optic,74.95,Offer a term contract; Add Online Security (incentive)
382,2603-HVKCG,75,High,0.748,31,Month-to-month,Fiber optic,101.4,Offer a term contract; Add Online Security (incentive)
383,4480-QQRHC,75,High,0.7477,8,Month-to-month,Fiber optic,74.05,Offer a term contract; Add Online Security (incentive)
384,5666-CYCYZ,75,High,0.7466,24,Month-to-month,Fiber optic,89.55,Offer a term contract; Add Online Security (incentive)
385,4146-SVFUD,75,High,0.746,1,Month-to-month,DSL,44.6,Offer a term contract; Add Online Security (incentive)
386,5522-JBWMO,75,High,0.7459,1,Month-to-month,DSL,44.0,Offer a term contract; Add Online Security (incentive)
387,7586-ZATGZ,75,High,0.7455,40,Month-to-month,Fiber optic,84.9,Offer a term contract; Add Online Security (incentive)
388,5760-FXFVO,75,High,0.7455,6,Month-to-month,Fiber optic,78.95,Offer a term contract; Add Tech Support
389,5019-GQVCR,74,High,0.7445,43,Month-to-month,Fiber optic,84.85,Offer a term contract; Add Online Security (incentive)
390,1769-GRUIK,74,High,0.7445,18,Month-to-month,Fiber optic,71.1,Offer a term contract; Add Online Security (incentive)
391,5606-AMZBO,74,High,0.744,10,Month-to-month,Fiber optic,78.15,Offer a term contract; Add Tech Support
392,6212-ATMLK,74,High,0.7439,50,Month-to-month,Fiber optic,95.7,Offer a term contract; Add Online Security (incentive)
393,0817-HSUSE,74,High,0.7435,1,Month-to-month,DSL,75.5,Offer a term contract; Add Online Security (incentive)
394,4686-UXDML,74,High,0.7433,21,Month-to-month,Fiber optic,99.85,Offer a term contract; Add Online Security (incentive)
395,2675-OTVVJ,74,High,0.7432,31,Month-to-month,Fiber optic,89.45,Offer a term contract; Add Tech Support
396,0439-IFYUN,74,High,0.7431,18,Month-to-month,Fiber optic,74.7,Offer a term contract; Add Online Security (incentive)
397,1104-TNLZA,74,High,0.7429,28,Month-to-month,Fiber optic,105.8,Offer a term contract; Add Online Security (incentive)
398,1384-RCUXW,74,High,0.7414,16,Month-to-month,Fiber optic,80.55,Offer a term contract; Add Online Security (incentive)
399,7714-YXSMB,74,High,0.7414,26,Month-to-month,Fiber optic,100.5,Offer a term contract; Add Online Security (incentive)
400,8486-AYEQH,74,High,0.7411,31,Month-to-month,Fiber optic,76.05,Offer a term contract; Add Online Security (incentive)
401,0899-LIIBW,74,High,0.7407,34,Month-to-month,Fiber optic,100.85,Offer a term contract; Add Online Security (incentive)
402,4299-SIMNS,74,High,0.7406,9,Month-to-month,Fiber optic,81.15,Offer a term contract; Add Tech Support
403,1658-TJVOA,74,High,0.7403,6,Month-to-month,Fiber optic,74.1,Offer a term contract; Add Tech Support
404,0650-BWOZN,74,High,0.7398,18,Month-to-month,Fiber optic,73.55,Offer a term contract; Add Online Security (incentive)
405,2694-CIUMO,74,High,0.7398,12,Month-to-month,Fiber optic,79.55,Offer a term contract; Add Online Security (incentive)
406,6145-NNPNO,74,High,0.7396,1,Month-to-month,DSL,44.15,Offer a term contract; Add Online Security (incentive)
407,0570-BFQHT,74,High,0.7395,9,Month-to-month,Fiber optic,80.55,Offer a term contract; Add Online Security (incentive)
408,5482-VXSXJ,74,High,0.7394,22,Month-to-month,Fiber optic,93.2,Offer a term contract; Add Online Security (incentive)
409,9552-TGUZV,74,High,0.7385,8,Month-to-month,Fiber optic,75.0,Offer a term contract; Add Tech Support
410,6817-WTYHE,74,High,0.7384,2,Month-to-month,DSL,44.9,Offer a term contract; Add Online Security (incentive)
411,5630-IXDXV,74,High,0.7381,47,Month-to-month,Fiber optic,106.35,Offer a term contract; Add Online Security (incentive)
412,5857-TYBCJ,74,High,0.7375,44,Month-to-month,Fiber optic,89.2,Offer a term contract; Add Online Security (incentive)
413,8805-JNRAZ,74,High,0.7374,2,Month-to-month,DSL,49.2,Offer a term contract; Add Online Security (incentive)
414,5405-ZMYXQ,74,High,0.7373,8,Month-to-month,Fiber optic,74.6,Offer a term contract; Add Online Security (incentive)
415,6242-MBHPK,74,High,0.7372,23,Month-to-month,Fiber optic,95.1,Offer a term contract; Add Tech Support
416,0455-XFASS,74,High,0.7365,3,Month-to-month,Fiber optic,69.55,Offer a term contract; Add Online Security (incentive)
417,9279-CJEOJ,74,High,0.7363,21,Month-to-month,Fiber optic,95.4,Offer a term contract; Add Online Security (incentive)
418,0114-PEGZZ,74,High,0.7362,33,Month-to-month,Fiber optic,107.55,Offer a term contract; Add Online Security (incentive)
419,1016-DJTSV,74,High,0.7362,8,Month-to-month,Fiber optic,69.7,Offer a term contract; Add Online Security (incentive)
420,2920-RNCEZ,74,High,0.7361,1,Month-to-month,Fiber optic,69.95,Offer a term contract; Add Online Security (incentive)
421,5439-WIKXB,74,High,0.736,41,Month-to-month,Fiber optic,94.55,Offer a term contract; Add Online Security (incentive)
422,3703-KBKZP,74,High,0.736,16,Month-to-month,Fiber optic,74.45,Offer a term contract; Add Online Security (incentive)
423,9572-WUKSB,74,High,0.7351,3,Month-to-month,DSL,29.9,Offer a term contract; Add Online Security (incentive)
424,4223-WOZCM,74,High,0.735,2,Month-to-month,DSL,49.95,Offer a term contract; Add Online Security (incentive)
425,7339-POGZN,73,High,0.7348,4,Month-to-month,DSL,50.7,Offer a term contract; Add Online Security (incentive)
426,7410-OIEDU,73,High,0.7345,10,Month-to-month,Fiber optic,79.85,Offer a term contract; Add Tech Support
427,1478-VPOAD,73,High,0.7339,1,Month-to-month,DSL,43.8,Offer a term contract; Add Online Security (incentive)
428,9355-NPPFS,73,High,0.7339,26,Month-to-month,Fiber optic,78.8,Offer a term contract; Add Online Security (incentive)
429,7901-HXJVA,73,High,0.7332,14,Month-to-month,Fiber optic,76.45,Offer a term contract; Add Online Security (incentive)
430,4716-HHKQH,73,High,0.7329,20,Month-to-month,Fiber optic,107.05,Offer a term contract; Add Online Security (incentive)
431,8660-BUETV,73,High,0.7329,3,Month-to-month,DSL,44.75,Offer a term contract; Add Online Security (incentive)
432,5899-OUVKV,73,High,0.7329,31,Month-to-month,Fiber optic,94.5,Offer a term contract; Add Online Security (incentive)
433,1932-UEDCX,73,High,0.7326,33,Month-to-month,Fiber optic,100.6,Offer a term contract; Add Online Security (incentive)
434,1406-PUQVY,73,High,0.7321,1,Month-to-month,DSL,49.9,Offer a term contract; Add Online Security (incentive)
435,1391-UBDAR,73,High,0.7317,11,Month-to-month,Fiber optic,72.9,Offer a term contract; Add Online Security (incentive)
436,2507-QZPQS,73,High,0.7316,15,Month-to-month,Fiber optic,95.7,Offer a term contract; Add Online Security (incentive)
437,6260-ONULR,73,High,0.7314,1,Month-to-month,DSL,62.8,Offer a term contract; Add Online Security (incentive)
438,5222-IMUKT,73,High,0.7311,32,Month-to-month,Fiber optic,91.05,Offer a term contract; Add Online Security (incentive)
439,2800-QQUSO,73,High,0.7307,42,Month-to-month,Fiber optic,100.3,Offer a term contract; Add Online Security (incentive)
440,3961-SXAXY,73,High,0.7302,1,Month-to-month,DSL,44.05,Offer a term contract; Add Online Security (incentive)
441,5960-MVTUK,73,High,0.73,3,Month-to-month,DSL,29.75,Offer a term contract; Add Online Security (incentive)
442,7252-NTGSS,73,High,0.7299,1,Month-to-month,DSL,45.15,Offer a term contract; Add Online Security (incentive)
443,3956-MGXOG,73,High,0.7297,28,Month-to-month,Fiber optic,80.6,Offer a term contract; Add Online Security (incentive)
444,2018-QKYGT,73,High,0.7297,1,Month-to-month,Fiber optic,81.05,Offer a term contract; Add Online Security (incentive)
445,1845-ZLLIG,73,High,0.7295,1,Month-to-month,DSL,50.15,Offer a term contract; Add Online Security (incentive)
446,8819-IMISP,73,High,0.7293,31,Month-to-month,Fiber optic,80.45,Offer a term contract; Add Online Security (incentive)
447,3748-FVMZZ,73,High,0.729,4,Month-to-month,DSL,40.05,Offer a term contract; Add Online Security (incentive)
448,0585-EGDDA,73,High,0.7289,40,Month-to-month,Fiber optic,80.0,Offer a term contract; Add Online Security (incentive)
449,5916-QEWPT,73,High,0.7288,2,Month-to-month,DSL,69.0,Offer a term contract; Add Online Security (incentive)
450,3716-UVSPD,73,High,0.7288,1,Month-to-month,DSL,49.3,Offer a term contract; Add Online Security (incentive)
451,0623-GDISB,73,High,0.7284,1,Month-to-month,DSL,48.45,Offer a term contract; Add Tech Support
452,3955-JBZZM,73,High,0.7281,20,Month-to-month,Fiber optic,78.8,Offer a term contract; Add Online Security (incentive)
453,4690-PKDQG,73,High,0.7277,42,Month-to-month,Fiber optic,95.55,Offer a term contract; Add Online Security (incentive)
454,6030-REHUX,73,High,0.7276,28,Month-to-month,Fiber optic,110.85,Offer a term contract; Add Online Security (incentive)
455,6158-HDPXZ,73,High,0.7274,1,Month-to-month,DSL,25.35,Offer a term contract; Add Online Security (incentive)
456,3196-NVXLZ,73,High,0.7268,25,Month-to-month,Fiber optic,84.6,Offer a term contract; Add Online Security (incentive)
457,3352-ALMCK,73,High,0.7266,40,Month-to-month,Fiber optic,102.65,Offer a term contract; Add Online Security (incentive)
458,0093-EXYQL,73,High,0.7264,40,Month-to-month,Fiber optic,91.55,Offer a term contract; Add Online Security (incentive)
459,1580-BMCMR,73,High,0.7256,19,Month-to-month,Fiber optic,87.3,Offer a term contract; Add Tech Support
460,3413-BMNZE,73,High,0.7254,1,Month-to-month,DSL,45.25,Offer a term contract; Add Online Security (incentive)
461,0374-IOEGQ,73,High,0.7253,3,Month-to-month,DSL,44.6,Offer a term contract; Add Online Security (incentive)
462,5016-IBERQ,72,High,0.725,23,Month-to-month,Fiber optic,84.25,Offer a term contract; Add Online Security (incentive)
463,5339-PXDVH,73,High,0.725,4,Month-to-month,Fiber optic,90.65,Offer a term contract; Add Tech Support
464,2916-BQZLN,72,High,0.7249,19,Month-to-month,Fiber optic,84.75,Offer a term contract; Add Tech Support
465,9576-SYUHJ,72,High,0.7245,37,Month-to-month,Fiber optic,91.15,Offer a term contract; Add Tech Support
466,7508-SMHXL,72,High,0.7232,15,Month-to-month,Fiber optic,89.0,Offer a term contract; Add Online Security (incentive)
467,8224-DWCKX,72,High,0.7232,12,Month-to-month,Fiber optic,73.3,Offer a term contract; Add Online Security (incentive)
468,6994-KERXL,72,High,0.7232,4,Month-to-month,DSL,55.9,Offer a term contract; Add Online Security (incentive)
469,7284-BUYEC,72,High,0.723,5,Month-to-month,DSL,50.95,Offer a term contract; Add Online Security (incentive)
470,5599-HVLTW,72,High,0.7223,14,Month-to-month,Fiber optic,80.35,Offer a term contract; Add Online Security (incentive)
471,2903-YYTBW,72,High,0.7219,1,Month-to-month,DSL,44.55,Offer a term contract; Add Online Security (incentive)
472,2322-VCZHZ,72,High,0.7219,23,Month-to-month,Fiber optic,90.0,Offer a term contract; Add Tech Support
473,8270-RKSAP,72,High,0.7213,9,Month-to-month,Fiber optic,70.5,Offer a term contract; Add Online Security (incentive)
474,6180-YBIQI,72,High,0.721,5,Month-to-month,DSL,24.3,Offer a term contract; Add Online Security (incentive)
475,9274-UARKJ,72,High,0.7209,15,Month-to-month,Fiber optic,83.2,Offer a term contract; Add Online Security (incentive)
476,4583-PARNH,72,High,0.7207,16,Month-to-month,Fiber optic,91.55,Offer a term contract; Add Online Security (incentive)
477,0641-EVBOJ,72,High,0.7206,3,Month-to-month,Fiber optic,82.3,Offer a term contract; Move to automatic payment
478,7312-XSBAT,72,High,0.7204,1,Month-to-month,DSL,49.75,Offer a term contract; Add Tech Support
479,7901-TBKJX,72,High,0.7196,56,Month-to-month,Fiber optic,101.05,Offer a term contract; Add Online Security (incentive)
480,7020-OZKXZ,72,High,0.7195,9,Month-to-month,Fiber optic,75.5,Offer a term contract; Add Online Security (incentive)
481,9365-SRSZE,72,High,0.7183,27,Month-to-month,Fiber optic,70.55,Offer a term contract; Add Online Security (incentive)
482,5895-QSXOD,72,High,0.718,9,Month-to-month,Fiber optic,70.05,Offer a term contract; Add Online Security (incentive)
483,4465-VDKIQ,72,High,0.7175,18,Month-to-month,Fiber optic,77.8,Offer a term contract; Add Online Security (incentive)
484,5144-TVGLP,72,High,0.7171,38,Month-to-month,Fiber optic,94.75,Offer a term contract; Add Online Security (incentive)
485,0577-WHMEV,72,High,0.7169,16,Month-to-month,Fiber optic,90.7,Offer a term contract; Add Tech Support
486,3439-GVUSX,72,High,0.7169,1,Month-to-month,DSL,24.4,Offer a term contract; Add Online Security (incentive)
487,6988-CJEYV,72,High,0.7168,49,Month-to-month,Fiber optic,98.7,Offer a term contract; Add Online Security (incentive)
488,0975-VOOVL,72,High,0.7166,3,Month-to-month,DSL,29.2,Offer a term contract; Add Online Security (incentive)
489,7853-OETYL,72,High,0.7164,4,Month-to-month,DSL,29.05,Offer a term contract; Add Tech Support
490,3211-AAPKX,72,High,0.7164,20,Month-to-month,Fiber optic,98.55,Offer a term contract; Add Online Security (incentive)
491,3003-CMDUU,72,High,0.7163,25,Month-to-month,Fiber optic,95.15,Offer a term contract; Add Online Security (incentive)
492,4727-MCYZG,72,High,0.7161,1,Month-to-month,DSL,55.55,Offer a term contract; Add Online Security (incentive)
493,3082-VQXNH,72,High,0.7156,3,Month-to-month,DSL,29.8,Offer a term contract; Add Online Security (incentive)
494,2697-NQBPF,72,High,0.7154,34,Month-to-month,Fiber optic,105.35,Offer a term contract; Add Online Security (incentive)
495,2974-GGUXS,71,High,0.7149,36,Month-to-month,Fiber optic,91.95,Offer a term contract; Add Online Security (incentive)
496,9348-YVOMK,71,High,0.7146,4,Month-to-month,DSL,44.8,Offer a term contract; Add Online Security (incentive)
497,7562-UXTPG,71,High,0.7143,13,Month-to-month,Fiber optic,70.15,Offer a term contract; Add Online Security (incentive)
498,9631-XEYKE,71,High,0.714,3,Month-to-month,DSL,50.4,Offer a term contract; Add Online Security (incentive)
499,1754-GKYPY,71,High,0.7139,22,Month-to-month,Fiber optic,89.75,Offer a term contract; Add Online Security (incentive)
500,2692-BUCFV,71,High,0.7135,29,Month-to-month,Fiber optic,101.45,Offer a term contract; Add Online Security (incentive)
